{
  "drive": {
    "p": 0.0075,
    "i": 0.0000001,
    "d": 1.0,
    "f": 0,
    "iz": 0
  },
  "angle": {
    "p": 0.002,
    "i": 0.00000001,
    "d": 1.35,
    "f": 0.0,
    "iz": 0
  }
}